repo,parent,weight
https://github.com/prysmaticlabs/prysm,ethereum,0.014705882352941176
https://github.com/ethereum/go-ethereum,ethereum,0.014705882352941176
https://github.com/sigp/lighthouse,ethereum,0.014705882352941176
https://github.com/consensys/teku,ethereum,0.014705882352941176
https://github.com/status-im/nimbus-eth2,ethereum,0.014705882352941176
https://github.com/chainsafe/lodestar,ethereum,0.014705882352941176
https://github.com/ethers-io/ethers.js,ethereum,0.014705882352941176
https://github.com/ethereumjs/ethereumjs-monorepo,ethereum,0.014705882352941176
https://github.com/grandinetech/grandine,ethereum,0.014705882352941176
https://github.com/nethermindeth/nethermind,ethereum,0.014705882352941176
https://github.com/hyperledger/besu,ethereum,0.014705882352941176
https://github.com/erigontech/erigon,ethereum,0.014705882352941176
https://github.com/paradigmxyz/reth,ethereum,0.014705882352941176
https://github.com/ethereum/py-evm,ethereum,0.014705882352941176
https://github.com/eth-infinitism/account-abstraction,ethereum,0.014705882352941176
https://github.com/nomicfoundation/hardhat,ethereum,0.014705882352941176
https://github.com/safe-global/safe-smart-account,ethereum,0.014705882352941176
https://github.com/a16z/helios,ethereum,0.014705882352941176
https://github.com/ethereum/web3.py,ethereum,0.014705882352941176
https://github.com/hyperledger-web3j/web3j,ethereum,0.014705882352941176
https://github.com/alloy-rs/alloy,ethereum,0.014705882352941176
https://github.com/nethereum/nethereum,ethereum,0.014705882352941176
https://github.com/wevm/viem,ethereum,0.014705882352941176
https://github.com/foundry-rs/foundry,ethereum,0.014705882352941176
https://github.com/ethereum/remix-project,ethereum,0.014705882352941176
https://github.com/apeworx/ape,ethereum,0.014705882352941176
https://github.com/vyperlang/titanoboa,ethereum,0.014705882352941176
https://github.com/vyperlang/vyper,ethereum,0.014705882352941176
https://github.com/ethereum-lists/chains,ethereum,0.014705882352941176
https://github.com/ethereum/solidity,ethereum,0.014705882352941176
https://github.com/ethereum/fe,ethereum,0.014705882352941176
https://github.com/ethereum/sourcify,ethereum,0.014705882352941176
https://github.com/openzeppelin/openzeppelin-contracts,ethereum,0.014705882352941176
https://github.com/scaffold-eth/scaffold-eth-2,ethereum,0.014705882352941176
https://github.com/ethereum/go-ethereum,https://github.com/prysmaticlabs/prysm,0.0006459948320413437
https://github.com/ipfs/go-cid,https://github.com/prysmaticlabs/prysm,0.0006459948320413437
https://github.com/pion/webrtc,https://github.com/prysmaticlabs/prysm,0.0006459948320413437
https://github.com/quic-go/quic-go,https://github.com/prysmaticlabs/prysm,0.0006459948320413437
https://github.com/google/pprof,https://github.com/prysmaticlabs/prysm,0.0006459948320413437
https://github.com/libp2p/go-libp2p,https://github.com/prysmaticlabs/prysm,0.0006459948320413437
https://github.com/chzyer/readline,https://github.com/prysmaticlabs/prysm,0.0006459948320413437
https://github.com/getsentry/sentry-go,https://github.com/prysmaticlabs/prysm,0.0006459948320413437
https://github.com/mattn/go-isatty,https://github.com/prysmaticlabs/prysm,0.0006459948320413437
https://github.com/supranational/blst,https://github.com/prysmaticlabs/prysm,0.0006459948320413437
https://github.com/mmcloughlin/addchain,https://github.com/prysmaticlabs/prysm,0.0006459948320413437
https://github.com/tklauser/go-sysconf,https://github.com/prysmaticlabs/prysm,0.0006459948320413437
https://github.com/go-task/slim-sprig,https://github.com/prysmaticlabs/prysm,0.0006459948320413437
https://github.com/crate-crypto/go-ipa,https://github.com/prysmaticlabs/prysm,0.0006459948320413437
https://github.com/prysmaticlabs/gohashtree,https://github.com/prysmaticlabs/prysm,0.0006459948320413437
https://github.com/sirupsen/logrus,https://github.com/prysmaticlabs/prysm,0.0006459948320413437
https://github.com/stretchr/testify,https://github.com/prysmaticlabs/prysm,0.0006459948320413437
https://github.com/gorilla/websocket,https://github.com/prysmaticlabs/prysm,0.0006459948320413437
https://github.com/urfave/cli,https://github.com/prysmaticlabs/prysm,0.0006459948320413437
https://github.com/uber-go/zap,https://github.com/prysmaticlabs/prysm,0.0006459948320413437
https://github.com/grpc/grpc-go,https://github.com/prysmaticlabs/prysm,0.0006459948320413437
https://github.com/go-playground/validator,https://github.com/prysmaticlabs/prysm,0.0006459948320413437
https://github.com/json-iterator/go,https://github.com/prysmaticlabs/prysm,0.0006459948320413437
https://github.com/golang/groupcache,https://github.com/prysmaticlabs/prysm,0.0006459948320413437
https://github.com/shirou/gopsutil,https://github.com/prysmaticlabs/prysm,0.0006459948320413437
https://github.com/fsnotify/fsnotify,https://github.com/prysmaticlabs/prysm,0.0006459948320413437
https://github.com/kubernetes/client-go,https://github.com/prysmaticlabs/prysm,0.0006459948320413437
https://github.com/onsi/ginkgo,https://github.com/prysmaticlabs/prysm,0.0006459948320413437
https://github.com/etcd-io/bbolt,https://github.com/prysmaticlabs/prysm,0.0006459948320413437
https://github.com/patrickmn/go-cache,https://github.com/prysmaticlabs/prysm,0.0006459948320413437
https://github.com/google/pprof,https://github.com/ethereum/go-ethereum,0.0006459948320413437
https://github.com/mikemcl/bignumber.js,https://github.com/ethereum/go-ethereum,0.0006459948320413437
https://github.com/getsentry/sentry-go,https://github.com/ethereum/go-ethereum,0.0006459948320413437
https://github.com/mattn/go-isatty,https://github.com/ethereum/go-ethereum,0.0006459948320413437
https://github.com/pion/stun,https://github.com/ethereum/go-ethereum,0.0006459948320413437
https://github.com/supranational/blst,https://github.com/ethereum/go-ethereum,0.0006459948320413437
https://github.com/mmcloughlin/addchain,https://github.com/ethereum/go-ethereum,0.0006459948320413437
https://github.com/tklauser/go-sysconf,https://github.com/ethereum/go-ethereum,0.0006459948320413437
https://github.com/jedisct1/go-minisign,https://github.com/ethereum/go-ethereum,0.0006459948320413437
https://github.com/crate-crypto/go-ipa,https://github.com/ethereum/go-ethereum,0.0006459948320413437
https://github.com/stretchr/testify,https://github.com/ethereum/go-ethereum,0.0006459948320413437
https://github.com/gorilla/websocket,https://github.com/ethereum/go-ethereum,0.0006459948320413437
https://github.com/urfave/cli,https://github.com/ethereum/go-ethereum,0.0006459948320413437
https://github.com/shirou/gopsutil,https://github.com/ethereum/go-ethereum,0.0006459948320413437
https://github.com/golang/protobuf,https://github.com/ethereum/go-ethereum,0.0006459948320413437
https://github.com/fsnotify/fsnotify,https://github.com/ethereum/go-ethereum,0.0006459948320413437
https://github.com/pkg/errors,https://github.com/ethereum/go-ethereum,0.0006459948320413437
https://github.com/mitchellh/mapstructure,https://github.com/ethereum/go-ethereum,0.0006459948320413437
https://github.com/golang-jwt/jwt,https://github.com/ethereum/go-ethereum,0.0006459948320413437
https://github.com/fatih/color,https://github.com/ethereum/go-ethereum,0.0006459948320413437
https://github.com/syndtr/goleveldb,https://github.com/ethereum/go-ethereum,0.0006459948320413437
https://github.com/davecgh/go-spew,https://github.com/ethereum/go-ethereum,0.0006459948320413437
https://github.com/dop251/goja,https://github.com/ethereum/go-ethereum,0.0006459948320413437
https://github.com/gogo/protobuf,https://github.com/ethereum/go-ethereum,0.0006459948320413437
https://github.com/russross/blackfriday,https://github.com/ethereum/go-ethereum,0.0006459948320413437
https://github.com/prometheus/client_golang,https://github.com/ethereum/go-ethereum,0.0006459948320413437
https://github.com/cockroachdb/pebble,https://github.com/ethereum/go-ethereum,0.0006459948320413437
https://github.com/klauspost/compress,https://github.com/ethereum/go-ethereum,0.0006459948320413437
https://github.com/graph-gophers/graphql-go,https://github.com/ethereum/go-ethereum,0.0006459948320413437
https://github.com/olekukonko/tablewriter,https://github.com/ethereum/go-ethereum,0.0006459948320413437
https://github.com/tokio-rs/tokio,https://github.com/sigp/lighthouse,0.0006459948320413437
https://github.com/clap-rs/clap,https://github.com/sigp/lighthouse,0.0006459948320413437
https://github.com/libp2p/rust-libp2p,https://github.com/sigp/lighthouse,0.0006459948320413437
https://github.com/google/zerocopy,https://github.com/sigp/lighthouse,0.0006459948320413437
https://github.com/servo/rust-smallvec,https://github.com/sigp/lighthouse,0.0006459948320413437
https://github.com/alloy-rs/core,https://github.com/sigp/lighthouse,0.0006459948320413437
https://github.com/mozilla/lmdb-rs,https://github.com/sigp/lighthouse,0.0006459948320413437
https://github.com/crate-crypto/rust-eth-kzg,https://github.com/sigp/lighthouse,0.0006459948320413437
https://github.com/heim-rs/darwin-libproc,https://github.com/sigp/lighthouse,0.0006459948320413437
https://github.com/hyperium/hyper,https://github.com/sigp/lighthouse,0.0006459948320413437
https://github.com/rust-lang/cargo,https://github.com/sigp/lighthouse,0.0006459948320413437
https://github.com/diesel-rs/diesel,https://github.com/sigp/lighthouse,0.0006459948320413437
https://github.com/rayon-rs/rayon,https://github.com/sigp/lighthouse,0.0006459948320413437
https://github.com/microsoft/windows-rs,https://github.com/sigp/lighthouse,0.0006459948320413437
https://github.com/serde-rs/serde,https://github.com/sigp/lighthouse,0.0006459948320413437
https://github.com/rustwasm/wasm-bindgen,https://github.com/sigp/lighthouse,0.0006459948320413437
https://github.com/crossbeam-rs/crossbeam,https://github.com/sigp/lighthouse,0.0006459948320413437
https://github.com/bheisler/criterion.rs,https://github.com/sigp/lighthouse,0.0006459948320413437
https://github.com/dtolnay/thiserror,https://github.com/sigp/lighthouse,0.0006459948320413437
https://github.com/hickory-dns/hickory-dns,https://github.com/sigp/lighthouse,0.0006459948320413437
https://github.com/plotters-rs/plotters,https://github.com/sigp/lighthouse,0.0006459948320413437
https://github.com/quinn-rs/quinn,https://github.com/sigp/lighthouse,0.0006459948320413437
https://github.com/tower-rs/tower,https://github.com/sigp/lighthouse,0.0006459948320413437
https://github.com/rusqlite/rusqlite,https://github.com/sigp/lighthouse,0.0006459948320413437
https://github.com/amanieu/parking_lot,https://github.com/sigp/lighthouse,0.0006459948320413437
https://github.com/gakonst/ethers-rs,https://github.com/sigp/lighthouse,0.0006459948320413437
https://github.com/burntsushi/quickcheck,https://github.com/sigp/lighthouse,0.0006459948320413437
https://github.com/rustcrypto/hashes,https://github.com/sigp/lighthouse,0.0006459948320413437
https://github.com/peternator7/strum,https://github.com/sigp/lighthouse,0.0006459948320413437
https://github.com/rust-phf/rust-phf,https://github.com/sigp/lighthouse,0.0006459948320413437
https://github.com/babel/babel,https://github.com/consensys/teku,0.0006459948320413437
https://github.com/eslint/eslint,https://github.com/consensys/teku,0.0006459948320413437
https://github.com/sindresorhus/type-fest,https://github.com/consensys/teku,0.0006459948320413437
https://github.com/ajv-validator/ajv,https://github.com/consensys/teku,0.0006459948320413437
https://github.com/debug-js/debug,https://github.com/consensys/teku,0.0006459948320413437
https://github.com/node-fetch/node-fetch,https://github.com/consensys/teku,0.0006459948320413437
https://github.com/nodeca/js-yaml,https://github.com/consensys/teku,0.0006459948320413437
https://github.com/vercel/ms,https://github.com/consensys/teku,0.0006459948320413437
https://github.com/epoberezkin/fast-deep-equal,https://github.com/consensys/teku,0.0006459948320413437
https://github.com/webreflection/flatted,https://github.com/consensys/teku,0.0006459948320413437
https://github.com/qix-/color-convert,https://github.com/consensys/teku,0.0006459948320413437
https://github.com/kaelzhang/node-ignore,https://github.com/consensys/teku,0.0006459948320413437
https://github.com/mysticatea/regexpp,https://github.com/consensys/teku,0.0006459948320413437
https://github.com/colorjs/color-name,https://github.com/consensys/teku,0.0006459948320413437
https://github.com/gulpjs/glob-parent,https://github.com/consensys/teku,0.0006459948320413437
https://github.com/humanwhocodes/object-schema,https://github.com/consensys/teku,0.0006459948320413437
https://github.com/ljharb/concat-map,https://github.com/consensys/teku,0.0006459948320413437
https://github.com/lodash/lodash,https://github.com/consensys/teku,0.0006459948320413437
https://github.com/caolan/async,https://github.com/consensys/teku,0.0006459948320413437
https://github.com/tj/commander.js,https://github.com/consensys/teku,0.0006459948320413437
https://github.com/chalk/chalk,https://github.com/consensys/teku,0.0006459948320413437
https://github.com/acornjs/acorn,https://github.com/consensys/teku,0.0006459948320413437
https://github.com/jprichardson/node-fs-extra,https://github.com/consensys/teku,0.0006459948320413437
https://github.com/isaacs/node-glob,https://github.com/consensys/teku,0.0006459948320413437
https://github.com/enquirer/enquirer,https://github.com/consensys/teku,0.0006459948320413437
https://github.com/jquery/esprima,https://github.com/consensys/teku,0.0006459948320413437
https://github.com/npm/node-semver,https://github.com/consensys/teku,0.0006459948320413437
https://github.com/visionmedia/node-progress,https://github.com/consensys/teku,0.0006459948320413437
https://github.com/alexei/sprintf.js,https://github.com/consensys/teku,0.0006459948320413437
https://github.com/mathiasbynens/emoji-regex,https://github.com/consensys/teku,0.0006459948320413437
https://github.com/pandas-dev/pandas,https://github.com/status-im/nimbus-eth2,0.0006459948320413437
https://github.com/numpy/numpy,https://github.com/status-im/nimbus-eth2,0.0006459948320413437
https://github.com/mozilla/bleach,https://github.com/status-im/nimbus-eth2,0.0006459948320413437
https://github.com/python/typing_extensions,https://github.com/status-im/nimbus-eth2,0.0006459948320413437
https://github.com/python/mypy_extensions,https://github.com/status-im/nimbus-eth2,0.0006459948320413437
https://github.com/psf/requests,https://github.com/status-im/nimbus-eth2,0.0006459948320413437
https://github.com/psf/black,https://github.com/status-im/nimbus-eth2,0.0006459948320413437
https://github.com/ipython/ipython,https://github.com/status-im/nimbus-eth2,0.0006459948320413437
https://github.com/prometheus/client_python,https://github.com/status-im/nimbus-eth2,0.0006459948320413437
https://github.com/microsoft/debugpy,https://github.com/status-im/nimbus-eth2,0.0006459948320413437
https://github.com/pypa/build,https://github.com/status-im/nimbus-eth2,0.0006459948320413437
https://github.com/ipython/ipykernel,https://github.com/status-im/nimbus-eth2,0.0006459948320413437
https://github.com/pypa/packaging,https://github.com/status-im/nimbus-eth2,0.0006459948320413437
https://github.com/tox-dev/platformdirs,https://github.com/status-im/nimbus-eth2,0.0006459948320413437
https://github.com/ipython/traitlets,https://github.com/status-im/nimbus-eth2,0.0006459948320413437
https://github.com/pypa/wheel,https://github.com/status-im/nimbus-eth2,0.0006459948320413437
https://github.com/gristlabs/asttokens,https://github.com/status-im/nimbus-eth2,0.0006459948320413437
https://github.com/pypa/pyproject-hooks,https://github.com/status-im/nimbus-eth2,0.0006459948320413437
https://github.com/ipython/matplotlib-inline,https://github.com/status-im/nimbus-eth2,0.0006459948320413437
https://github.com/ethers-io/ethers.js,https://github.com/chainsafe/lodestar,0.0006459948320413437
https://github.com/chainsafe/lodestar,https://github.com/chainsafe/lodestar,0.0006459948320413437
https://github.com/ipfs/protons,https://github.com/chainsafe/lodestar,0.0006459948320413437
https://github.com/vuejs/vue,https://github.com/chainsafe/lodestar,0.0006459948320413437
https://github.com/facebook/docusaurus,https://github.com/chainsafe/lodestar,0.0006459948320413437
https://github.com/babel/babel,https://github.com/chainsafe/lodestar,0.0006459948320413437
https://github.com/reactivex/rxjs,https://github.com/chainsafe/lodestar,0.0006459948320413437
https://github.com/postcss/postcss,https://github.com/chainsafe/lodestar,0.0006459948320413437
https://github.com/sindresorhus/type-fest,https://github.com/chainsafe/lodestar,0.0006459948320413437
https://github.com/ajv-validator/ajv,https://github.com/chainsafe/lodestar,0.0006459948320413437
https://github.com/vitest-dev/vitest,https://github.com/chainsafe/lodestar,0.0006459948320413437
https://github.com/gregberge/svgr,https://github.com/chainsafe/lodestar,0.0006459948320413437
https://github.com/webdriverio/webdriverio,https://github.com/chainsafe/lodestar,0.0006459948320413437
https://github.com/yarnpkg/berry,https://github.com/chainsafe/lodestar,0.0006459948320413437
https://github.com/vercel/ms,https://github.com/chainsafe/lodestar,0.0006459948320413437
https://github.com/inikulin/parse5,https://github.com/chainsafe/lodestar,0.0006459948320413437
https://github.com/ethereumjs/ethereumjs-monorepo,https://github.com/chainsafe/lodestar,0.0006459948320413437
https://github.com/libp2p/js-libp2p,https://github.com/chainsafe/lodestar,0.0006459948320413437
https://github.com/salesforce/tough-cookie,https://github.com/chainsafe/lodestar,0.0006459948320413437
https://github.com/electron/get,https://github.com/chainsafe/lodestar,0.0006459948320413437
https://github.com/fb55/entities,https://github.com/chainsafe/lodestar,0.0006459948320413437
https://github.com/lukeed/mrmime,https://github.com/chainsafe/lodestar,0.0006459948320413437
https://github.com/mysticatea/abort-controller,https://github.com/chainsafe/lodestar,0.0006459948320413437
https://github.com/swc-project/pkgs,https://github.com/chainsafe/lodestar,0.0006459948320413437
https://github.com/pnpm/components,https://github.com/chainsafe/lodestar,0.0006459948320413437
https://github.com/microsoft/typescript,https://github.com/chainsafe/lodestar,0.0006459948320413437
https://github.com/puppeteer/puppeteer,https://github.com/chainsafe/lodestar,0.0006459948320413437
https://github.com/remix-run/react-router,https://github.com/chainsafe/lodestar,0.0006459948320413437
https://github.com/definitelytyped/definitelytyped,https://github.com/chainsafe/lodestar,0.0006459948320413437
https://github.com/jestjs/jest,https://github.com/chainsafe/lodestar,0.0006459948320413437
https://github.com/ethers-io/ethers.js,https://github.com/ethers-io/ethers.js,0.0006459948320413437
https://github.com/babel/babel,https://github.com/ethers-io/ethers.js,0.0006459948320413437
https://github.com/reactivex/rxjs,https://github.com/ethers-io/ethers.js,0.0006459948320413437
https://github.com/vercel/ms,https://github.com/ethers-io/ethers.js,0.0006459948320413437
https://github.com/ethereum/solc-js,https://github.com/ethers-io/ethers.js,0.0006459948320413437
https://github.com/microsoft/typescript,https://github.com/ethers-io/ethers.js,0.0006459948320413437
https://github.com/definitelytyped/definitelytyped,https://github.com/ethers-io/ethers.js,0.0006459948320413437
https://github.com/isaacs/node-glob,https://github.com/ethers-io/ethers.js,0.0006459948320413437
https://github.com/isaacs/rimraf,https://github.com/ethers-io/ethers.js,0.0006459948320413437
https://github.com/microsoft/tslib,https://github.com/ethers-io/ethers.js,0.0006459948320413437
https://github.com/tapjs/signal-exit,https://github.com/ethers-io/ethers.js,0.0006459948320413437
https://github.com/bitcoinjs/bech32,https://github.com/ethers-io/ethers.js,0.0006459948320413437
https://github.com/jridgewell/trace-mapping,https://github.com/ethers-io/ethers.js,0.0006459948320413437
https://github.com/isaacs/isexe,https://github.com/ethers-io/ethers.js,0.0006459948320413437
https://github.com/tapjs/foreground-child,https://github.com/ethers-io/ethers.js,0.0006459948320413437
https://github.com/stefanpenner/get-caller-file,https://github.com/ethers-io/ethers.js,0.0006459948320413437
https://github.com/jridgewell/sourcemap-codec,https://github.com/ethers-io/ethers.js,0.0006459948320413437
https://github.com/ethers-io/ethers.js,https://github.com/ethereumjs/ethereumjs-monorepo,0.0006459948320413437
https://github.com/babel/babel,https://github.com/ethereumjs/ethereumjs-monorepo,0.0006459948320413437
https://github.com/reactivex/rxjs,https://github.com/ethereumjs/ethereumjs-monorepo,0.0006459948320413437
https://github.com/postcss/postcss,https://github.com/ethereumjs/ethereumjs-monorepo,0.0006459948320413437
https://github.com/typescript-eslint/typescript-eslint,https://github.com/ethereumjs/ethereumjs-monorepo,0.0006459948320413437
https://github.com/sindresorhus/type-fest,https://github.com/ethereumjs/ethereumjs-monorepo,0.0006459948320413437
https://github.com/ajv-validator/ajv,https://github.com/ethereumjs/ethereumjs-monorepo,0.0006459948320413437
https://github.com/vitest-dev/vitest,https://github.com/ethereumjs/ethereumjs-monorepo,0.0006459948320413437
https://github.com/webdriverio/webdriverio,https://github.com/ethereumjs/ethereumjs-monorepo,0.0006459948320413437
https://github.com/yarnpkg/berry,https://github.com/ethereumjs/ethereumjs-monorepo,0.0006459948320413437
https://github.com/vercel/ms,https://github.com/ethereumjs/ethereumjs-monorepo,0.0006459948320413437
https://github.com/inikulin/parse5,https://github.com/ethereumjs/ethereumjs-monorepo,0.0006459948320413437
https://github.com/ethereumjs/ethereumjs-monorepo,https://github.com/ethereumjs/ethereumjs-monorepo,0.0006459948320413437
https://github.com/ethereum/solc-js,https://github.com/ethereumjs/ethereumjs-monorepo,0.0006459948320413437
https://github.com/streetsidesoftware/cspell,https://github.com/ethereumjs/ethereumjs-monorepo,0.0006459948320413437
https://github.com/salesforce/tough-cookie,https://github.com/ethereumjs/ethereumjs-monorepo,0.0006459948320413437
https://github.com/fb55/entities,https://github.com/ethereumjs/ethereumjs-monorepo,0.0006459948320413437
https://github.com/lukeed/mrmime,https://github.com/ethereumjs/ethereumjs-monorepo,0.0006459948320413437
https://github.com/mysticatea/abort-controller,https://github.com/ethereumjs/ethereumjs-monorepo,0.0006459948320413437
https://github.com/swc-project/pkgs,https://github.com/ethereumjs/ethereumjs-monorepo,0.0006459948320413437
https://github.com/microsoft/typescript,https://github.com/ethereumjs/ethereumjs-monorepo,0.0006459948320413437
https://github.com/puppeteer/puppeteer,https://github.com/ethereumjs/ethereumjs-monorepo,0.0006459948320413437
https://github.com/definitelytyped/definitelytyped,https://github.com/ethereumjs/ethereumjs-monorepo,0.0006459948320413437
https://github.com/sboudrias/inquirer.js,https://github.com/ethereumjs/ethereumjs-monorepo,0.0006459948320413437
https://github.com/uuidjs/uuid,https://github.com/ethereumjs/ethereumjs-monorepo,0.0006459948320413437
https://github.com/shikijs/shiki,https://github.com/ethereumjs/ethereumjs-monorepo,0.0006459948320413437
https://github.com/isaacs/node-glob,https://github.com/ethereumjs/ethereumjs-monorepo,0.0006459948320413437
https://github.com/pillarjs/path-to-regexp,https://github.com/ethereumjs/ethereumjs-monorepo,0.0006459948320413437
https://github.com/typestrong/typedoc,https://github.com/ethereumjs/ethereumjs-monorepo,0.0006459948320413437
https://github.com/jquery/esprima,https://github.com/ethereumjs/ethereumjs-monorepo,0.0006459948320413437
https://github.com/tokio-rs/tokio,https://github.com/grandinetech/grandine,0.0006459948320413437
https://github.com/clap-rs/clap,https://github.com/grandinetech/grandine,0.0006459948320413437
https://github.com/libp2p/rust-libp2p,https://github.com/grandinetech/grandine,0.0006459948320413437
https://github.com/google/zerocopy,https://github.com/grandinetech/grandine,0.0006459948320413437
https://github.com/servo/rust-smallvec,https://github.com/grandinetech/grandine,0.0006459948320413437
https://github.com/alloy-rs/rlp,https://github.com/grandinetech/grandine,0.0006459948320413437
https://github.com/heim-rs/darwin-libproc,https://github.com/grandinetech/grandine,0.0006459948320413437
https://github.com/hyperium/hyper,https://github.com/grandinetech/grandine,0.0006459948320413437
https://github.com/rayon-rs/rayon,https://github.com/grandinetech/grandine,0.0006459948320413437
https://github.com/microsoft/windows-rs,https://github.com/grandinetech/grandine,0.0006459948320413437
https://github.com/serde-rs/serde,https://github.com/grandinetech/grandine,0.0006459948320413437
https://github.com/rustwasm/wasm-bindgen,https://github.com/grandinetech/grandine,0.0006459948320413437
https://github.com/crossbeam-rs/crossbeam,https://github.com/grandinetech/grandine,0.0006459948320413437
https://github.com/rust-lang/futures-rs,https://github.com/grandinetech/grandine,0.0006459948320413437
https://github.com/bheisler/criterion.rs,https://github.com/grandinetech/grandine,0.0006459948320413437
https://github.com/dtolnay/thiserror,https://github.com/grandinetech/grandine,0.0006459948320413437
https://github.com/hickory-dns/hickory-dns,https://github.com/grandinetech/grandine,0.0006459948320413437
https://github.com/plotters-rs/plotters,https://github.com/grandinetech/grandine,0.0006459948320413437
https://github.com/quinn-rs/quinn,https://github.com/grandinetech/grandine,0.0006459948320413437
https://github.com/tower-rs/tower,https://github.com/grandinetech/grandine,0.0006459948320413437
https://github.com/rusqlite/rusqlite,https://github.com/grandinetech/grandine,0.0006459948320413437
https://github.com/amanieu/parking_lot,https://github.com/grandinetech/grandine,0.0006459948320413437
https://github.com/burntsushi/quickcheck,https://github.com/grandinetech/grandine,0.0006459948320413437
https://github.com/rustcrypto/hashes,https://github.com/grandinetech/grandine,0.0006459948320413437
https://github.com/peternator7/strum,https://github.com/grandinetech/grandine,0.0006459948320413437
https://github.com/rust-phf/rust-phf,https://github.com/grandinetech/grandine,0.0006459948320413437
https://github.com/retep998/winapi-rs,https://github.com/grandinetech/grandine,0.0006459948320413437
https://github.com/jeltef/derive_more,https://github.com/grandinetech/grandine,0.0006459948320413437
https://github.com/rust-random/rand,https://github.com/grandinetech/grandine,0.0006459948320413437
https://github.com/sfackler/rust-openssl,https://github.com/grandinetech/grandine,0.0006459948320413437
https://github.com/ethers-io/ethers.js,https://github.com/erigontech/erigon,0.0006459948320413437
https://github.com/ipfs/go-cid,https://github.com/erigontech/erigon,0.0006459948320413437
https://github.com/pion/webrtc,https://github.com/erigontech/erigon,0.0006459948320413437
https://github.com/quic-go/quic-go,https://github.com/erigontech/erigon,0.0006459948320413437
https://github.com/google/pprof,https://github.com/erigontech/erigon,0.0006459948320413437
https://github.com/libp2p/go-libp2p,https://github.com/erigontech/erigon,0.0006459948320413437
https://github.com/mattn/go-isatty,https://github.com/erigontech/erigon,0.0006459948320413437
https://github.com/supranational/blst,https://github.com/erigontech/erigon,0.0006459948320413437
https://github.com/bradfitz/iter,https://github.com/erigontech/erigon,0.0006459948320413437
https://github.com/mmcloughlin/addchain,https://github.com/erigontech/erigon,0.0006459948320413437
https://github.com/tklauser/go-sysconf,https://github.com/erigontech/erigon,0.0006459948320413437
https://github.com/erigontech/interfaces,https://github.com/erigontech/erigon,0.0006459948320413437
https://github.com/go-task/slim-sprig,https://github.com/erigontech/erigon,0.0006459948320413437
https://github.com/crate-crypto/go-ipa,https://github.com/erigontech/erigon,0.0006459948320413437
https://github.com/prysmaticlabs/gohashtree,https://github.com/erigontech/erigon,0.0006459948320413437
https://github.com/microsoft/typescript,https://github.com/erigontech/erigon,0.0006459948320413437
https://github.com/definitelytyped/definitelytyped,https://github.com/erigontech/erigon,0.0006459948320413437
https://github.com/spf13/cobra,https://github.com/erigontech/erigon,0.0006459948320413437
https://github.com/sirupsen/logrus,https://github.com/erigontech/erigon,0.0006459948320413437
https://github.com/stretchr/testify,https://github.com/erigontech/erigon,0.0006459948320413437
https://github.com/gorilla/websocket,https://github.com/erigontech/erigon,0.0006459948320413437
https://github.com/urfave/cli,https://github.com/erigontech/erigon,0.0006459948320413437
https://github.com/uber-go/zap,https://github.com/erigontech/erigon,0.0006459948320413437
https://github.com/websockets/ws,https://github.com/erigontech/erigon,0.0006459948320413437
https://github.com/grpc/grpc-go,https://github.com/erigontech/erigon,0.0006459948320413437
https://github.com/go-chi/chi,https://github.com/erigontech/erigon,0.0006459948320413437
https://github.com/julienschmidt/httprouter,https://github.com/erigontech/erigon,0.0006459948320413437
https://github.com/json-iterator/go,https://github.com/erigontech/erigon,0.0006459948320413437
https://github.com/shirou/gopsutil,https://github.com/erigontech/erigon,0.0006459948320413437
https://github.com/fsnotify/fsnotify,https://github.com/erigontech/erigon,0.0006459948320413437
https://github.com/bluealloy/revm,https://github.com/paradigmxyz/reth,0.0006459948320413437
https://github.com/tokio-rs/tokio,https://github.com/paradigmxyz/reth,0.0006459948320413437
https://github.com/clap-rs/clap,https://github.com/paradigmxyz/reth,0.0006459948320413437
https://github.com/boa-dev/boa,https://github.com/paradigmxyz/reth,0.0006459948320413437
https://github.com/libp2p/rust-libp2p,https://github.com/paradigmxyz/reth,0.0006459948320413437
https://github.com/google/zerocopy,https://github.com/paradigmxyz/reth,0.0006459948320413437
https://github.com/servo/rust-smallvec,https://github.com/paradigmxyz/reth,0.0006459948320413437
https://github.com/alloy-rs/core,https://github.com/paradigmxyz/reth,0.0006459948320413437
https://github.com/getsentry/symbolic,https://github.com/paradigmxyz/reth,0.0006459948320413437
https://github.com/hyperium/hyper,https://github.com/paradigmxyz/reth,0.0006459948320413437
https://github.com/rust-lang/cargo,https://github.com/paradigmxyz/reth,0.0006459948320413437
https://github.com/rayon-rs/rayon,https://github.com/paradigmxyz/reth,0.0006459948320413437
https://github.com/microsoft/windows-rs,https://github.com/paradigmxyz/reth,0.0006459948320413437
https://github.com/serde-rs/serde,https://github.com/paradigmxyz/reth,0.0006459948320413437
https://github.com/rustwasm/wasm-bindgen,https://github.com/paradigmxyz/reth,0.0006459948320413437
https://github.com/crossbeam-rs/crossbeam,https://github.com/paradigmxyz/reth,0.0006459948320413437
https://github.com/bheisler/criterion.rs,https://github.com/paradigmxyz/reth,0.0006459948320413437
https://github.com/dtolnay/thiserror,https://github.com/paradigmxyz/reth,0.0006459948320413437
https://github.com/hickory-dns/hickory-dns,https://github.com/paradigmxyz/reth,0.0006459948320413437
https://github.com/plotters-rs/plotters,https://github.com/paradigmxyz/reth,0.0006459948320413437
https://github.com/quinn-rs/quinn,https://github.com/paradigmxyz/reth,0.0006459948320413437
https://github.com/tower-rs/tower,https://github.com/paradigmxyz/reth,0.0006459948320413437
https://github.com/amanieu/parking_lot,https://github.com/paradigmxyz/reth,0.0006459948320413437
https://github.com/rustcrypto/hashes,https://github.com/paradigmxyz/reth,0.0006459948320413437
https://github.com/peternator7/strum,https://github.com/paradigmxyz/reth,0.0006459948320413437
https://github.com/rust-phf/rust-phf,https://github.com/paradigmxyz/reth,0.0006459948320413437
https://github.com/retep998/winapi-rs,https://github.com/paradigmxyz/reth,0.0006459948320413437
https://github.com/jeltef/derive_more,https://github.com/paradigmxyz/reth,0.0006459948320413437
https://github.com/rust-random/rand,https://github.com/paradigmxyz/reth,0.0006459948320413437
https://github.com/unicode-org/icu4x,https://github.com/paradigmxyz/reth,0.0006459948320413437
https://github.com/pytest-dev/pytest-xdist,https://github.com/ethereum/py-evm,0.0006459948320413437
https://github.com/pytest-dev/pytest,https://github.com/ethereum/py-evm,0.0006459948320413437
https://github.com/pycqa/flake8,https://github.com/ethereum/py-evm,0.0006459948320413437
https://github.com/pytest-dev/pytest-cov,https://github.com/ethereum/py-evm,0.0006459948320413437
https://github.com/ethereum/eth-hash,https://github.com/ethereum/py-evm,0.0006459948320413437
https://github.com/peritus/bumpversion,https://github.com/ethereum/py-evm,0.0006459948320413437
https://github.com/ipython/ipython,https://github.com/ethereum/py-evm,0.0006459948320413437
https://github.com/tox-dev/tox,https://github.com/ethereum/py-evm,0.0006459948320413437
https://github.com/hypothesisworks/hypothesis,https://github.com/ethereum/py-evm,0.0006459948320413437
https://github.com/python/mypy,https://github.com/ethereum/py-evm,0.0006459948320413437
https://github.com/pytest-dev/pytest-asyncio,https://github.com/ethereum/py-evm,0.0006459948320413437
https://github.com/ethers-io/ethers.js,https://github.com/eth-infinitism/account-abstraction,0.0006459948320413437
https://github.com/nomicfoundation/hardhat,https://github.com/eth-infinitism/account-abstraction,0.0006459948320413437
https://github.com/wighawag/hardhat-deploy,https://github.com/eth-infinitism/account-abstraction,0.0006459948320413437
https://github.com/babel/babel,https://github.com/eth-infinitism/account-abstraction,0.0006459948320413437
https://github.com/typescript-eslint/typescript-eslint,https://github.com/eth-infinitism/account-abstraction,0.0006459948320413437
https://github.com/sindresorhus/type-fest,https://github.com/eth-infinitism/account-abstraction,0.0006459948320413437
https://github.com/ajv-validator/ajv,https://github.com/eth-infinitism/account-abstraction,0.0006459948320413437
https://github.com/getsentry/sentry-javascript,https://github.com/eth-infinitism/account-abstraction,0.0006459948320413437
https://github.com/vercel/ms,https://github.com/eth-infinitism/account-abstraction,0.0006459948320413437
https://github.com/ethereumjs/ethereumjs-monorepo,https://github.com/eth-infinitism/account-abstraction,0.0006459948320413437
https://github.com/ethereum/solc-js,https://github.com/eth-infinitism/account-abstraction,0.0006459948320413437
https://github.com/salesforce/tough-cookie,https://github.com/eth-infinitism/account-abstraction,0.0006459948320413437
https://github.com/mysticatea/regexpp,https://github.com/eth-infinitism/account-abstraction,0.0006459948320413437
https://github.com/microsoft/typescript,https://github.com/eth-infinitism/account-abstraction,0.0006459948320413437
https://github.com/definitelytyped/definitelytyped,https://github.com/eth-infinitism/account-abstraction,0.0006459948320413437
https://github.com/immutable-js/immutable-js,https://github.com/eth-infinitism/account-abstraction,0.0006459948320413437
https://github.com/uuidjs/uuid,https://github.com/eth-infinitism/account-abstraction,0.0006459948320413437
https://github.com/typestrong/ts-node,https://github.com/eth-infinitism/account-abstraction,0.0006459948320413437
https://github.com/gcanti/fp-ts,https://github.com/eth-infinitism/account-abstraction,0.0006459948320413437
https://github.com/isaacs/node-glob,https://github.com/eth-infinitism/account-abstraction,0.0006459948320413437
https://github.com/pillarjs/path-to-regexp,https://github.com/eth-infinitism/account-abstraction,0.0006459948320413437
https://github.com/jquery/esprima,https://github.com/eth-infinitism/account-abstraction,0.0006459948320413437
https://github.com/tsconfig/bases,https://github.com/eth-infinitism/account-abstraction,0.0006459948320413437
https://github.com/cosmiconfig/cosmiconfig,https://github.com/eth-infinitism/account-abstraction,0.0006459948320413437
https://github.com/jaredwray/keyv,https://github.com/eth-infinitism/account-abstraction,0.0006459948320413437
https://github.com/broofa/mime,https://github.com/eth-infinitism/account-abstraction,0.0006459948320413437
https://github.com/dividab/tsconfig-paths,https://github.com/eth-infinitism/account-abstraction,0.0006459948320413437
https://github.com/jshttp/cookie,https://github.com/eth-infinitism/account-abstraction,0.0006459948320413437
https://github.com/eemeli/yaml,https://github.com/eth-infinitism/account-abstraction,0.0006459948320413437
https://github.com/omnidan/node-emoji,https://github.com/eth-infinitism/account-abstraction,0.0006459948320413437
https://github.com/ethers-io/ethers.js,https://github.com/nomicfoundation/hardhat,0.0006459948320413437
https://github.com/nomicfoundation/hardhat,https://github.com/nomicfoundation/hardhat,0.0006459948320413437
https://github.com/wevm/viem,https://github.com/nomicfoundation/hardhat,0.0006459948320413437
https://github.com/vuejs/vue,https://github.com/nomicfoundation/hardhat,0.0006459948320413437
https://github.com/babel/babel,https://github.com/nomicfoundation/hardhat,0.0006459948320413437
https://github.com/reactivex/rxjs,https://github.com/nomicfoundation/hardhat,0.0006459948320413437
https://github.com/floating-ui/floating-ui,https://github.com/nomicfoundation/hardhat,0.0006459948320413437
https://github.com/postcss/postcss,https://github.com/nomicfoundation/hardhat,0.0006459948320413437
https://github.com/typescript-eslint/typescript-eslint,https://github.com/nomicfoundation/hardhat,0.0006459948320413437
https://github.com/sindresorhus/type-fest,https://github.com/nomicfoundation/hardhat,0.0006459948320413437
https://github.com/ajv-validator/ajv,https://github.com/nomicfoundation/hardhat,0.0006459948320413437
https://github.com/getsentry/sentry-javascript,https://github.com/nomicfoundation/hardhat,0.0006459948320413437
https://github.com/vercel/ms,https://github.com/nomicfoundation/hardhat,0.0006459948320413437
https://github.com/inikulin/parse5,https://github.com/nomicfoundation/hardhat,0.0006459948320413437
https://github.com/ethereumjs/ethereumjs-monorepo,https://github.com/nomicfoundation/hardhat,0.0006459948320413437
https://github.com/ethereum/solc-js,https://github.com/nomicfoundation/hardhat,0.0006459948320413437
https://github.com/salesforce/tough-cookie,https://github.com/nomicfoundation/hardhat,0.0006459948320413437
https://github.com/import-js/eslint-import-resolver-typescript,https://github.com/nomicfoundation/hardhat,0.0006459948320413437
https://github.com/fb55/entities,https://github.com/nomicfoundation/hardhat,0.0006459948320413437
https://github.com/lukeed/mrmime,https://github.com/nomicfoundation/hardhat,0.0006459948320413437
https://github.com/mysticatea/abort-controller,https://github.com/nomicfoundation/hardhat,0.0006459948320413437
https://github.com/prettier/tslint-plugin-prettier,https://github.com/nomicfoundation/hardhat,0.0006459948320413437
https://github.com/rollup/rollup-pluginutils,https://github.com/nomicfoundation/hardhat,0.0006459948320413437
https://github.com/open-rpc/typings,https://github.com/nomicfoundation/hardhat,0.0006459948320413437
https://github.com/pnpm/cmd-shim,https://github.com/nomicfoundation/hardhat,0.0006459948320413437
https://github.com/microsoft/typescript,https://github.com/nomicfoundation/hardhat,0.0006459948320413437
https://github.com/remix-run/react-router,https://github.com/nomicfoundation/hardhat,0.0006459948320413437
https://github.com/definitelytyped/definitelytyped,https://github.com/nomicfoundation/hardhat,0.0006459948320413437
https://github.com/jestjs/jest,https://github.com/nomicfoundation/hardhat,0.0006459948320413437
https://github.com/lerna/lerna,https://github.com/nomicfoundation/hardhat,0.0006459948320413437
https://github.com/ethers-io/ethers.js,https://github.com/safe-global/safe-smart-account,0.0006459948320413437
https://github.com/nomicfoundation/hardhat,https://github.com/safe-global/safe-smart-account,0.0006459948320413437
https://github.com/wighawag/hardhat-deploy,https://github.com/safe-global/safe-smart-account,0.0006459948320413437
https://github.com/babel/babel,https://github.com/safe-global/safe-smart-account,0.0006459948320413437
https://github.com/typescript-eslint/typescript-eslint,https://github.com/safe-global/safe-smart-account,0.0006459948320413437
https://github.com/sindresorhus/type-fest,https://github.com/safe-global/safe-smart-account,0.0006459948320413437
https://github.com/ajv-validator/ajv,https://github.com/safe-global/safe-smart-account,0.0006459948320413437
https://github.com/getsentry/sentry-javascript,https://github.com/safe-global/safe-smart-account,0.0006459948320413437
https://github.com/vercel/ms,https://github.com/safe-global/safe-smart-account,0.0006459948320413437
https://github.com/ethereumjs/ethereumjs-monorepo,https://github.com/safe-global/safe-smart-account,0.0006459948320413437
https://github.com/ethereum/solc-js,https://github.com/safe-global/safe-smart-account,0.0006459948320413437
https://github.com/safe-global/safe-singleton-factory,https://github.com/safe-global/safe-smart-account,0.0006459948320413437
https://github.com/pnpm/components,https://github.com/safe-global/safe-smart-account,0.0006459948320413437
https://github.com/microsoft/typescript,https://github.com/safe-global/safe-smart-account,0.0006459948320413437
https://github.com/definitelytyped/definitelytyped,https://github.com/safe-global/safe-smart-account,0.0006459948320413437
https://github.com/immutable-js/immutable-js,https://github.com/safe-global/safe-smart-account,0.0006459948320413437
https://github.com/uuidjs/uuid,https://github.com/safe-global/safe-smart-account,0.0006459948320413437
https://github.com/typestrong/ts-node,https://github.com/safe-global/safe-smart-account,0.0006459948320413437
https://github.com/gcanti/fp-ts,https://github.com/safe-global/safe-smart-account,0.0006459948320413437
https://github.com/isaacs/node-glob,https://github.com/safe-global/safe-smart-account,0.0006459948320413437
https://github.com/pillarjs/path-to-regexp,https://github.com/safe-global/safe-smart-account,0.0006459948320413437
https://github.com/jquery/esprima,https://github.com/safe-global/safe-smart-account,0.0006459948320413437
https://github.com/tsconfig/bases,https://github.com/safe-global/safe-smart-account,0.0006459948320413437
https://github.com/grpc/grpc-node,https://github.com/safe-global/safe-smart-account,0.0006459948320413437
https://github.com/cosmiconfig/cosmiconfig,https://github.com/safe-global/safe-smart-account,0.0006459948320413437
https://github.com/jaredwray/keyv,https://github.com/safe-global/safe-smart-account,0.0006459948320413437
https://github.com/jshttp/cookie,https://github.com/safe-global/safe-smart-account,0.0006459948320413437
https://github.com/omnidan/node-emoji,https://github.com/safe-global/safe-smart-account,0.0006459948320413437
https://github.com/tootallnate/proxy-agents,https://github.com/safe-global/safe-smart-account,0.0006459948320413437
https://github.com/gajus/table,https://github.com/safe-global/safe-smart-account,0.0006459948320413437
https://github.com/bluealloy/revm,https://github.com/a16z/helios,0.0006459948320413437
https://github.com/tokio-rs/tokio,https://github.com/a16z/helios,0.0006459948320413437
https://github.com/clap-rs/clap,https://github.com/a16z/helios,0.0006459948320413437
https://github.com/libp2p/rust-libp2p,https://github.com/a16z/helios,0.0006459948320413437
https://github.com/servo/pathfinder,https://github.com/a16z/helios,0.0006459948320413437
https://github.com/google/zerocopy,https://github.com/a16z/helios,0.0006459948320413437
https://github.com/alloy-rs/core,https://github.com/a16z/helios,0.0006459948320413437
https://github.com/hyperium/hyper,https://github.com/a16z/helios,0.0006459948320413437
https://github.com/rayon-rs/rayon,https://github.com/a16z/helios,0.0006459948320413437
https://github.com/microsoft/windows-rs,https://github.com/a16z/helios,0.0006459948320413437
https://github.com/serde-rs/serde,https://github.com/a16z/helios,0.0006459948320413437
https://github.com/rustwasm/wasm-bindgen,https://github.com/a16z/helios,0.0006459948320413437
https://github.com/crossbeam-rs/crossbeam,https://github.com/a16z/helios,0.0006459948320413437
https://github.com/rust-lang/futures-rs,https://github.com/a16z/helios,0.0006459948320413437
https://github.com/bheisler/criterion.rs,https://github.com/a16z/helios,0.0006459948320413437
https://github.com/dtolnay/thiserror,https://github.com/a16z/helios,0.0006459948320413437
https://github.com/plotters-rs/plotters,https://github.com/a16z/helios,0.0006459948320413437
https://github.com/quinn-rs/quinn,https://github.com/a16z/helios,0.0006459948320413437
https://github.com/tower-rs/tower,https://github.com/a16z/helios,0.0006459948320413437
https://github.com/amanieu/parking_lot,https://github.com/a16z/helios,0.0006459948320413437
https://github.com/rustcrypto/hashes,https://github.com/a16z/helios,0.0006459948320413437
https://github.com/peternator7/strum,https://github.com/a16z/helios,0.0006459948320413437
https://github.com/retep998/winapi-rs,https://github.com/a16z/helios,0.0006459948320413437
https://github.com/jeltef/derive_more,https://github.com/a16z/helios,0.0006459948320413437
https://github.com/rust-random/rand,https://github.com/a16z/helios,0.0006459948320413437
https://github.com/sfackler/rust-openssl,https://github.com/a16z/helios,0.0006459948320413437
https://github.com/time-rs/time,https://github.com/a16z/helios,0.0006459948320413437
https://github.com/teddriggs/darling,https://github.com/a16z/helios,0.0006459948320413437
https://github.com/dalek-cryptography/curve25519-dalek,https://github.com/a16z/helios,0.0006459948320413437
https://github.com/toml-rs/toml,https://github.com/a16z/helios,0.0006459948320413437
https://github.com/mlodewijck/pyunormalize,https://github.com/ethereum/web3.py,0.0006459948320413437
https://github.com/ethereum/eth-abi,https://github.com/ethereum/web3.py,0.0006459948320413437
https://github.com/ethereum/eth-account,https://github.com/ethereum/web3.py,0.0006459948320413437
https://github.com/pydantic/pydantic,https://github.com/ethereum/web3.py,0.0006459948320413437
https://github.com/ethereum/eth-typing,https://github.com/ethereum/web3.py,0.0006459948320413437
https://github.com/ethereum/eth-hash,https://github.com/ethereum/web3.py,0.0006459948320413437
https://github.com/python/typeshed,https://github.com/ethereum/web3.py,0.0006459948320413437
https://github.com/ethereum/hexbytes,https://github.com/ethereum/web3.py,0.0006459948320413437
https://github.com/python/typing_extensions,https://github.com/ethereum/web3.py,0.0006459948320413437
https://github.com/aio-libs/aiohttp,https://github.com/ethereum/web3.py,0.0006459948320413437
https://github.com/aaugustin/websockets,https://github.com/ethereum/web3.py,0.0006459948320413437
https://github.com/psf/requests,https://github.com/ethereum/web3.py,0.0006459948320413437
https://github.com/ethereum/eth-utils,https://github.com/ethereum/web3.py,0.0006459948320413437
https://github.com/xacrimon/dashmap,https://github.com/alloy-rs/alloy,0.0006459948320413437
https://github.com/tokio-rs/bytes,https://github.com/alloy-rs/alloy,0.0006459948320413437
https://github.com/summa-tx/coins,https://github.com/alloy-rs/alloy,0.0006459948320413437
https://github.com/tokio-rs/async-stream,https://github.com/alloy-rs/alloy,0.0006459948320413437
https://github.com/kotauskas/interprocess,https://github.com/alloy-rs/alloy,0.0006459948320413437
https://github.com/rust-fuzz/arbitrary,https://github.com/alloy-rs/alloy,0.0006459948320413437
https://github.com/awslabs/aws-sdk-rust,https://github.com/alloy-rs/alloy,0.0006459948320413437
https://github.com/iqlusioninc/yubihsm.rs,https://github.com/alloy-rs/alloy,0.0006459948320413437
https://github.com/stebalien/tempfile,https://github.com/alloy-rs/alloy,0.0006459948320413437
https://github.com/abdolence/gcloud-sdk-rs,https://github.com/alloy-rs/alloy,0.0006459948320413437
https://github.com/paritytech/jsonrpsee,https://github.com/alloy-rs/alloy,0.0006459948320413437
https://github.com/rustwasm/wasm-bindgen,https://github.com/alloy-rs/alloy,0.0006459948320413437
https://github.com/trezor/trezor-firmware,https://github.com/alloy-rs/alloy,0.0006459948320413437
https://github.com/najamelan/ws_stream_wasm,https://github.com/alloy-rs/alloy,0.0006459948320413437
https://github.com/summa-tx/bitcoins-rs,https://github.com/alloy-rs/alloy,0.0006459948320413437
https://github.com/roynalnaruto/eth-keystore-rs,https://github.com/alloy-rs/alloy,0.0006459948320413437
https://github.com/hyperium/http,https://github.com/alloy-rs/alloy,0.0006459948320413437
https://github.com/smithy-lang/smithy-rs,https://github.com/alloy-rs/alloy,0.0006459948320413437
https://github.com/bincode-org/bincode,https://github.com/alloy-rs/alloy,0.0006459948320413437
https://github.com/prettier-solidity/prettier-plugin-solidity,https://github.com/nethereum/nethereum,0.0006459948320413437
https://github.com/wevm/viem,https://github.com/nethereum/nethereum,0.0006459948320413437
https://github.com/prettier/prettier,https://github.com/nethereum/nethereum,0.0006459948320413437
https://github.com/debug-js/debug,https://github.com/nethereum/nethereum,0.0006459948320413437
https://github.com/sindresorhus/execa,https://github.com/nethereum/nethereum,0.0006459948320413437
https://github.com/vercel/ms,https://github.com/nethereum/nethereum,0.0006459948320413437
https://github.com/latticexyz/mud,https://github.com/nethereum/nethereum,0.0006459948320413437
https://github.com/definitelytyped/definitelytyped,https://github.com/nethereum/nethereum,0.0006459948320413437
https://github.com/evanw/esbuild,https://github.com/nethereum/nethereum,0.0006459948320413437
https://github.com/websockets/ws,https://github.com/nethereum/nethereum,0.0006459948320413437
https://github.com/jprichardson/node-fs-extra,https://github.com/nethereum/nethereum,0.0006459948320413437
https://github.com/isaacs/node-lru-cache,https://github.com/nethereum/nethereum,0.0006459948320413437
https://github.com/npm/node-semver,https://github.com/nethereum/nethereum,0.0006459948320413437
https://github.com/primus/eventemitter3,https://github.com/nethereum/nethereum,0.0006459948320413437
https://github.com/tim-kos/node-retry,https://github.com/nethereum/nethereum,0.0006459948320413437
https://github.com/moxystudio/node-cross-spawn,https://github.com/nethereum/nethereum,0.0006459948320413437
https://github.com/paulmillr/noble-curves,https://github.com/nethereum/nethereum,0.0006459948320413437
https://github.com/tunnelvisionlabs/antlr4ts,https://github.com/nethereum/nethereum,0.0006459948320413437
https://github.com/ehmicky/human-signals,https://github.com/nethereum/nethereum,0.0006459948320413437
https://github.com/grncdr/merge-stream,https://github.com/nethereum/nethereum,0.0006459948320413437
https://github.com/tapjs/signal-exit,https://github.com/nethereum/nethereum,0.0006459948320413437
https://github.com/solidity-parser/parser,https://github.com/nethereum/nethereum,0.0006459948320413437
https://github.com/ryanzim/universalify,https://github.com/nethereum/nethereum,0.0006459948320413437
https://github.com/adraffy/ens-normalize.js,https://github.com/nethereum/nethereum,0.0006459948320413437
https://github.com/kevva/shebang-command,https://github.com/nethereum/nethereum,0.0006459948320413437
https://github.com/ethers-io/ethers.js,https://github.com/wevm/viem,0.0006459948320413437
https://github.com/wevm/viem,https://github.com/wevm/viem,0.0006459948320413437
https://github.com/babel/babel,https://github.com/wevm/viem,0.0006459948320413437
https://github.com/floating-ui/floating-ui,https://github.com/wevm/viem,0.0006459948320413437
https://github.com/postcss/postcss,https://github.com/wevm/viem,0.0006459948320413437
https://github.com/ajv-validator/ajv,https://github.com/wevm/viem,0.0006459948320413437
https://github.com/vitest-dev/vitest,https://github.com/wevm/viem,0.0006459948320413437
https://github.com/getsentry/sentry-javascript,https://github.com/wevm/viem,0.0006459948320413437
https://github.com/vercel/ms,https://github.com/wevm/viem,0.0006459948320413437
https://github.com/inikulin/parse5,https://github.com/wevm/viem,0.0006459948320413437
https://github.com/ethereumjs/ethereumjs-monorepo,https://github.com/wevm/viem,0.0006459948320413437
https://github.com/sindresorhus/is,https://github.com/wevm/viem,0.0006459948320413437
https://github.com/lukeed/mrmime,https://github.com/wevm/viem,0.0006459948320413437
https://github.com/mysticatea/abort-controller,https://github.com/wevm/viem,0.0006459948320413437
https://github.com/swc-project/pkgs,https://github.com/wevm/viem,0.0006459948320413437
https://github.com/microsoft/typescript,https://github.com/wevm/viem,0.0006459948320413437
https://github.com/puppeteer/puppeteer,https://github.com/wevm/viem,0.0006459948320413437
https://github.com/remix-run/react-router,https://github.com/wevm/viem,0.0006459948320413437
https://github.com/definitelytyped/definitelytyped,https://github.com/wevm/viem,0.0006459948320413437
https://github.com/jestjs/jest,https://github.com/wevm/viem,0.0006459948320413437
https://github.com/radix-ui/primitives,https://github.com/wevm/viem,0.0006459948320413437
https://github.com/shikijs/shiki,https://github.com/wevm/viem,0.0006459948320413437
https://github.com/isaacs/node-glob,https://github.com/wevm/viem,0.0006459948320413437
https://github.com/jquery/esprima,https://github.com/wevm/viem,0.0006459948320413437
https://github.com/grpc/grpc-node,https://github.com/wevm/viem,0.0006459948320413437
https://github.com/open-telemetry/opentelemetry-js,https://github.com/wevm/viem,0.0006459948320413437
https://github.com/unjs/magicast,https://github.com/wevm/viem,0.0006459948320413437
https://github.com/blakeembrey/change-case,https://github.com/wevm/viem,0.0006459948320413437
https://github.com/broofa/mime,https://github.com/wevm/viem,0.0006459948320413437
https://github.com/jshttp/cookie,https://github.com/wevm/viem,0.0006459948320413437
https://github.com/bluealloy/revm,https://github.com/foundry-rs/foundry,0.0006459948320413437
https://github.com/tokio-rs/tokio,https://github.com/foundry-rs/foundry,0.0006459948320413437
https://github.com/clap-rs/clap,https://github.com/foundry-rs/foundry,0.0006459948320413437
https://github.com/servo/html5ever,https://github.com/foundry-rs/foundry,0.0006459948320413437
https://github.com/google/zerocopy,https://github.com/foundry-rs/foundry,0.0006459948320413437
https://github.com/alloy-rs/core,https://github.com/foundry-rs/foundry,0.0006459948320413437
https://github.com/mario-eth/soldeer,https://github.com/foundry-rs/foundry,0.0006459948320413437
https://github.com/foundry-rs/compilers,https://github.com/foundry-rs/foundry,0.0006459948320413437
https://github.com/rust-lang/mdbook,https://github.com/foundry-rs/foundry,0.0006459948320413437
https://github.com/hyperium/hyper,https://github.com/foundry-rs/foundry,0.0006459948320413437
https://github.com/rayon-rs/rayon,https://github.com/foundry-rs/foundry,0.0006459948320413437
https://github.com/microsoft/windows-rs,https://github.com/foundry-rs/foundry,0.0006459948320413437
https://github.com/serde-rs/serde,https://github.com/foundry-rs/foundry,0.0006459948320413437
https://github.com/rustwasm/wasm-bindgen,https://github.com/foundry-rs/foundry,0.0006459948320413437
https://github.com/crossbeam-rs/crossbeam,https://github.com/foundry-rs/foundry,0.0006459948320413437
https://github.com/dtolnay/thiserror,https://github.com/foundry-rs/foundry,0.0006459948320413437
https://github.com/quinn-rs/quinn,https://github.com/foundry-rs/foundry,0.0006459948320413437
https://github.com/tower-rs/tower,https://github.com/foundry-rs/foundry,0.0006459948320413437
https://github.com/amanieu/parking_lot,https://github.com/foundry-rs/foundry,0.0006459948320413437
https://github.com/rustcrypto/hashes,https://github.com/foundry-rs/foundry,0.0006459948320413437
https://github.com/peternator7/strum,https://github.com/foundry-rs/foundry,0.0006459948320413437
https://github.com/rust-phf/rust-phf,https://github.com/foundry-rs/foundry,0.0006459948320413437
https://github.com/retep998/winapi-rs,https://github.com/foundry-rs/foundry,0.0006459948320413437
https://github.com/jeltef/derive_more,https://github.com/foundry-rs/foundry,0.0006459948320413437
https://github.com/rust-random/rand,https://github.com/foundry-rs/foundry,0.0006459948320413437
https://github.com/sfackler/rust-openssl,https://github.com/foundry-rs/foundry,0.0006459948320413437
https://github.com/unicode-org/icu4x,https://github.com/foundry-rs/foundry,0.0006459948320413437
https://github.com/time-rs/time,https://github.com/foundry-rs/foundry,0.0006459948320413437
https://github.com/teddriggs/darling,https://github.com/foundry-rs/foundry,0.0006459948320413437
https://github.com/rust-cli/env_logger,https://github.com/foundry-rs/foundry,0.0006459948320413437
https://github.com/ethers-io/ethers.js,https://github.com/ethereum/remix-project,0.0006459948320413437
https://github.com/ethereum/remix-project,https://github.com/ethereum/remix-project,0.0006459948320413437
https://github.com/walletconnect/walletconnect-monorepo,https://github.com/ethereum/remix-project,0.0006459948320413437
https://github.com/openzeppelin/openzeppelin-upgrades,https://github.com/ethereum/remix-project,0.0006459948320413437
https://github.com/wevm/abitype,https://github.com/ethereum/remix-project,0.0006459948320413437
https://github.com/ipfs/protons,https://github.com/ethereum/remix-project,0.0006459948320413437
https://github.com/vuejs/core,https://github.com/ethereum/remix-project,0.0006459948320413437
https://github.com/babel/babel,https://github.com/ethereum/remix-project,0.0006459948320413437
https://github.com/reactivex/rxjs,https://github.com/ethereum/remix-project,0.0006459948320413437
https://github.com/floating-ui/floating-ui,https://github.com/ethereum/remix-project,0.0006459948320413437
https://github.com/postcss/postcss,https://github.com/ethereum/remix-project,0.0006459948320413437
https://github.com/typescript-eslint/typescript-eslint,https://github.com/ethereum/remix-project,0.0006459948320413437
https://github.com/sindresorhus/type-fest,https://github.com/ethereum/remix-project,0.0006459948320413437
https://github.com/formatjs/formatjs,https://github.com/ethereum/remix-project,0.0006459948320413437
https://github.com/ajv-validator/ajv,https://github.com/ethereum/remix-project,0.0006459948320413437
https://github.com/gregberge/svgr,https://github.com/ethereum/remix-project,0.0006459948320413437
https://github.com/getsentry/sentry-javascript,https://github.com/ethereum/remix-project,0.0006459948320413437
https://github.com/yarnpkg/berry,https://github.com/ethereum/remix-project,0.0006459948320413437
https://github.com/electron/forge,https://github.com/ethereum/remix-project,0.0006459948320413437
https://github.com/vercel/ms,https://github.com/ethereum/remix-project,0.0006459948320413437
https://github.com/inikulin/parse5,https://github.com/ethereum/remix-project,0.0006459948320413437
https://github.com/ethereumjs/ethereumjs-monorepo,https://github.com/ethereum/remix-project,0.0006459948320413437
https://github.com/coinbase/coinbase-wallet-sdk,https://github.com/ethereum/remix-project,0.0006459948320413437
https://github.com/ethereum/solc-js,https://github.com/ethereum/remix-project,0.0006459948320413437
https://github.com/salesforce/tough-cookie,https://github.com/ethereum/remix-project,0.0006459948320413437
https://github.com/fb55/entities,https://github.com/ethereum/remix-project,0.0006459948320413437
https://github.com/lukeed/mrmime,https://github.com/ethereum/remix-project,0.0006459948320413437
https://github.com/mysticatea/abort-controller,https://github.com/ethereum/remix-project,0.0006459948320413437
https://github.com/rollup/rollup-pluginutils,https://github.com/ethereum/remix-project,0.0006459948320413437
https://github.com/pnpm/cmd-shim,https://github.com/ethereum/remix-project,0.0006459948320413437
https://github.com/apeworx/evm-trace,https://github.com/apeworx/ape,0.0006459948320413437
https://github.com/apeworx/eip712,https://github.com/apeworx/ape,0.0006459948320413437
https://github.com/apeworx/ethpm-types,https://github.com/apeworx/ape,0.0006459948320413437
https://github.com/apeworx/eth-pydantic-types,https://github.com/apeworx/ape,0.0006459948320413437
https://github.com/apeworx/evmchains,https://github.com/apeworx/ape,0.0006459948320413437
https://github.com/pandas-dev/pandas,https://github.com/apeworx/ape,0.0006459948320413437
https://github.com/numpy/numpy,https://github.com/apeworx/ape,0.0006459948320413437
https://github.com/pytest-dev/pytest,https://github.com/apeworx/ape,0.0006459948320413437
https://github.com/ethereum/web3.py,https://github.com/apeworx/ape,0.0006459948320413437
https://github.com/pytest-dev/pluggy,https://github.com/apeworx/ape,0.0006459948320413437
https://github.com/ethereum/eth-utils,https://github.com/apeworx/ape,0.0006459948320413437
https://github.com/ethereum/eth-account,https://github.com/apeworx/ape,0.0006459948320413437
https://github.com/ethereum/eth-abi,https://github.com/apeworx/ape,0.0006459948320413437
https://github.com/ethereum/py-trie,https://github.com/apeworx/ape,0.0006459948320413437
https://github.com/ethereum/py-geth,https://github.com/apeworx/ape,0.0006459948320413437
https://github.com/ethereum/eth-typing,https://github.com/apeworx/ape,0.0006459948320413437
https://github.com/ethereum/hexbytes,https://github.com/apeworx/ape,0.0006459948320413437
https://github.com/psf/requests,https://github.com/apeworx/ape,0.0006459948320413437
https://github.com/pydantic/pydantic,https://github.com/apeworx/ape,0.0006459948320413437
https://github.com/ipython/ipython,https://github.com/apeworx/ape,0.0006459948320413437
https://github.com/pydantic/pydantic-settings,https://github.com/apeworx/ape,0.0006459948320413437
https://github.com/pypa/packaging,https://github.com/apeworx/ape,0.0006459948320413437
https://github.com/ipython/traitlets,https://github.com/apeworx/ape,0.0006459948320413437
https://github.com/gristlabs/asttokens,https://github.com/apeworx/ape,0.0006459948320413437
https://github.com/pytest-dev/pytest,https://github.com/vyperlang/titanoboa,0.0006459948320413437
https://github.com/pre-commit/pre-commit,https://github.com/vyperlang/titanoboa,0.0006459948320413437
https://github.com/skellet0r/eth-stdlib,https://github.com/vyperlang/titanoboa,0.0006459948320413437
https://github.com/readthedocs/sphinx_rtd_theme,https://github.com/vyperlang/titanoboa,0.0006459948320413437
https://github.com/jupyter-server/jupyter_server,https://github.com/vyperlang/titanoboa,0.0006459948320413437
https://github.com/psf/black,https://github.com/vyperlang/titanoboa,0.0006459948320413437
https://github.com/psf/requests,https://github.com/vyperlang/titanoboa,0.0006459948320413437
https://github.com/ethereum/eth-abi,https://github.com/vyperlang/titanoboa,0.0006459948320413437
https://github.com/pycqa/flake8-bugbear,https://github.com/vyperlang/titanoboa,0.0006459948320413437
https://github.com/ethereum/py-evm,https://github.com/vyperlang/titanoboa,0.0006459948320413437
https://github.com/willmcgugan/rich,https://github.com/vyperlang/titanoboa,0.0006459948320413437
https://github.com/erdewit/nest_asyncio,https://github.com/vyperlang/titanoboa,0.0006459948320413437
https://github.com/requests-cache/requests-cache,https://github.com/vyperlang/titanoboa,0.0006459948320413437
https://github.com/sphinx-doc/sphinx,https://github.com/vyperlang/titanoboa,0.0006459948320413437
https://github.com/squidfunk/mkdocs-material,https://github.com/vyperlang/titanoboa,0.0006459948320413437
https://github.com/pytest-dev/pytest-xdist,https://github.com/vyperlang/titanoboa,0.0006459948320413437
https://github.com/pycqa/isort,https://github.com/vyperlang/titanoboa,0.0006459948320413437
https://github.com/pycqa/flake8,https://github.com/vyperlang/titanoboa,0.0006459948320413437
https://github.com/pytest-dev/pytest-cov,https://github.com/vyperlang/titanoboa,0.0006459948320413437
https://github.com/python/typing_extensions,https://github.com/vyperlang/titanoboa,0.0006459948320413437
https://github.com/ethereum/eth-account,https://github.com/vyperlang/titanoboa,0.0006459948320413437
https://github.com/ethereum/eth-typing,https://github.com/vyperlang/titanoboa,0.0006459948320413437
https://github.com/ipython/ipython,https://github.com/vyperlang/titanoboa,0.0006459948320413437
https://github.com/vyperlang/vyper,https://github.com/vyperlang/titanoboa,0.0006459948320413437
https://github.com/hypothesisworks/hypothesis,https://github.com/vyperlang/titanoboa,0.0006459948320413437
https://github.com/python/mypy,https://github.com/vyperlang/titanoboa,0.0006459948320413437
https://github.com/vyperlang/vvm,https://github.com/vyperlang/titanoboa,0.0006459948320413437
https://github.com/pypa/packaging,https://github.com/vyperlang/vyper,0.0006459948320413437
https://github.com/pypa/wheel,https://github.com/vyperlang/vyper,0.0006459948320413437
https://github.com/lark-parser/lark,https://github.com/vyperlang/vyper,0.0006459948320413437
https://github.com/python/importlib_metadata,https://github.com/vyperlang/vyper,0.0006459948320413437
https://github.com/gristlabs/asttokens,https://github.com/vyperlang/vyper,0.0006459948320413437
https://github.com/executablebooks/sphinx-copybutton,https://github.com/vyperlang/vyper,0.0006459948320413437
https://github.com/legrandin/pycryptodome,https://github.com/vyperlang/vyper,0.0006459948320413437
https://github.com/sphinx-doc/sphinx,https://github.com/vyperlang/vyper,0.0006459948320413437
https://github.com/lepture/shibuya,https://github.com/vyperlang/vyper,0.0006459948320413437
https://github.com/agronholm/cbor2,https://github.com/vyperlang/vyper,0.0006459948320413437
https://github.com/epoberezkin/json-schema-traverse,https://github.com/ethereum-lists/chains,0.0006459948320413437
https://github.com/garycourt/uri-js,https://github.com/ethereum-lists/chains,0.0006459948320413437
https://github.com/mathiasbynens/punycode.js,https://github.com/ethereum-lists/chains,0.0006459948320413437
https://github.com/floatdrop/require-from-string,https://github.com/ethereum-lists/chains,0.0006459948320413437
https://github.com/ajv-validator/ajv,https://github.com/ethereum-lists/chains,0.0006459948320413437
https://github.com/epoberezkin/fast-deep-equal,https://github.com/ethereum-lists/chains,0.0006459948320413437
https://github.com/taminomara/sphinx-a4doc,https://github.com/ethereum/solidity,0.0006459948320413437
https://github.com/readthedocs/sphinx_rtd_theme,https://github.com/ethereum/solidity,0.0006459948320413437
https://github.com/sphinx-doc/sphinx,https://github.com/ethereum/solidity,0.0006459948320413437
https://github.com/bluealloy/revm,https://github.com/ethereum/fe,0.0006459948320413437
https://github.com/tokio-rs/tokio,https://github.com/ethereum/fe,0.0006459948320413437
https://github.com/clap-rs/clap,https://github.com/ethereum/fe,0.0006459948320413437
https://github.com/google/zerocopy,https://github.com/ethereum/fe,0.0006459948320413437
https://github.com/servo/rust-smallvec,https://github.com/ethereum/fe,0.0006459948320413437
https://github.com/alloy-rs/core,https://github.com/ethereum/fe,0.0006459948320413437
https://github.com/hyperium/hyper,https://github.com/ethereum/fe,0.0006459948320413437
https://github.com/rayon-rs/rayon,https://github.com/ethereum/fe,0.0006459948320413437
https://github.com/microsoft/windows-rs,https://github.com/ethereum/fe,0.0006459948320413437
https://github.com/serde-rs/serde,https://github.com/ethereum/fe,0.0006459948320413437
https://github.com/rustwasm/wasm-bindgen,https://github.com/ethereum/fe,0.0006459948320413437
https://github.com/crossbeam-rs/crossbeam,https://github.com/ethereum/fe,0.0006459948320413437
https://github.com/rust-lang/futures-rs,https://github.com/ethereum/fe,0.0006459948320413437
https://github.com/bheisler/criterion.rs,https://github.com/ethereum/fe,0.0006459948320413437
https://github.com/dtolnay/thiserror,https://github.com/ethereum/fe,0.0006459948320413437
https://github.com/plotters-rs/plotters,https://github.com/ethereum/fe,0.0006459948320413437
https://github.com/tower-rs/tower,https://github.com/ethereum/fe,0.0006459948320413437
https://github.com/amanieu/parking_lot,https://github.com/ethereum/fe,0.0006459948320413437
https://github.com/rustcrypto/hashes,https://github.com/ethereum/fe,0.0006459948320413437
https://github.com/peternator7/strum,https://github.com/ethereum/fe,0.0006459948320413437
https://github.com/retep998/winapi-rs,https://github.com/ethereum/fe,0.0006459948320413437
https://github.com/jeltef/derive_more,https://github.com/ethereum/fe,0.0006459948320413437
https://github.com/rust-random/rand,https://github.com/ethereum/fe,0.0006459948320413437
https://github.com/sfackler/rust-openssl,https://github.com/ethereum/fe,0.0006459948320413437
https://github.com/unicode-org/icu4x,https://github.com/ethereum/fe,0.0006459948320413437
https://github.com/toml-rs/toml,https://github.com/ethereum/fe,0.0006459948320413437
https://github.com/vorner/signal-hook,https://github.com/ethereum/fe,0.0006459948320413437
https://github.com/aurora-is-near/aurora-engine,https://github.com/ethereum/fe,0.0006459948320413437
https://github.com/paritytech/parity-common,https://github.com/ethereum/fe,0.0006459948320413437
https://github.com/dalek-cryptography/subtle,https://github.com/ethereum/fe,0.0006459948320413437
https://github.com/ethers-io/ethers.js,https://github.com/ethereum/sourcify,0.0006459948320413437
https://github.com/shazow/whatsabi,https://github.com/ethereum/sourcify,0.0006459948320413437
https://github.com/ethereum/sourcify,https://github.com/ethereum/sourcify,0.0006459948320413437
https://github.com/wevm/abitype,https://github.com/ethereum/sourcify,0.0006459948320413437
https://github.com/babel/babel,https://github.com/ethereum/sourcify,0.0006459948320413437
https://github.com/reactivex/rxjs,https://github.com/ethereum/sourcify,0.0006459948320413437
https://github.com/typescript-eslint/typescript-eslint,https://github.com/ethereum/sourcify,0.0006459948320413437
https://github.com/sindresorhus/type-fest,https://github.com/ethereum/sourcify,0.0006459948320413437
https://github.com/ajv-validator/ajv,https://github.com/ethereum/sourcify,0.0006459948320413437
https://github.com/getsentry/sentry-javascript,https://github.com/ethereum/sourcify,0.0006459948320413437
https://github.com/yarnpkg/berry,https://github.com/ethereum/sourcify,0.0006459948320413437
https://github.com/vercel/ms,https://github.com/ethereum/sourcify,0.0006459948320413437
https://github.com/ethereumjs/ethereumjs-monorepo,https://github.com/ethereum/sourcify,0.0006459948320413437
https://github.com/ethereum/solc-js,https://github.com/ethereum/sourcify,0.0006459948320413437
https://github.com/streetsidesoftware/cspell,https://github.com/ethereum/sourcify,0.0006459948320413437
https://github.com/fb55/entities,https://github.com/ethereum/sourcify,0.0006459948320413437
https://github.com/fairdatasociety/bmt-js,https://github.com/ethereum/sourcify,0.0006459948320413437
https://github.com/microsoft/typescript,https://github.com/ethereum/sourcify,0.0006459948320413437
https://github.com/definitelytyped/definitelytyped,https://github.com/ethereum/sourcify,0.0006459948320413437
https://github.com/jestjs/jest,https://github.com/ethereum/sourcify,0.0006459948320413437
https://github.com/lerna/lerna,https://github.com/ethereum/sourcify,0.0006459948320413437
https://github.com/immutable-js/immutable-js,https://github.com/ethereum/sourcify,0.0006459948320413437
https://github.com/nrwl/nx,https://github.com/ethereum/sourcify,0.0006459948320413437
https://github.com/sboudrias/inquirer.js,https://github.com/ethereum/sourcify,0.0006459948320413437
https://github.com/conventional-changelog/commitlint,https://github.com/ethereum/sourcify,0.0006459948320413437
https://github.com/uuidjs/uuid,https://github.com/ethereum/sourcify,0.0006459948320413437
https://github.com/typestrong/ts-node,https://github.com/ethereum/sourcify,0.0006459948320413437
https://github.com/gcanti/fp-ts,https://github.com/ethereum/sourcify,0.0006459948320413437
https://github.com/shikijs/shiki,https://github.com/ethereum/sourcify,0.0006459948320413437
https://github.com/isaacs/node-glob,https://github.com/ethereum/sourcify,0.0006459948320413437
https://github.com/ethers-io/ethers.js,https://github.com/openzeppelin/openzeppelin-contracts,0.0006459948320413437
https://github.com/prettier-solidity/prettier-plugin-solidity,https://github.com/openzeppelin/openzeppelin-contracts,0.0006459948320413437
https://github.com/nomicfoundation/hardhat,https://github.com/openzeppelin/openzeppelin-contracts,0.0006459948320413437
https://github.com/wevm/viem,https://github.com/openzeppelin/openzeppelin-contracts,0.0006459948320413437
https://github.com/openzeppelin/openzeppelin-upgrades,https://github.com/openzeppelin/openzeppelin-contracts,0.0006459948320413437
https://github.com/babel/babel,https://github.com/openzeppelin/openzeppelin-contracts,0.0006459948320413437
https://github.com/sindresorhus/type-fest,https://github.com/openzeppelin/openzeppelin-contracts,0.0006459948320413437
https://github.com/ajv-validator/ajv,https://github.com/openzeppelin/openzeppelin-contracts,0.0006459948320413437
https://github.com/getsentry/sentry-javascript,https://github.com/openzeppelin/openzeppelin-contracts,0.0006459948320413437
https://github.com/vercel/ms,https://github.com/openzeppelin/openzeppelin-contracts,0.0006459948320413437
https://github.com/ethereumjs/ethereumjs-monorepo,https://github.com/openzeppelin/openzeppelin-contracts,0.0006459948320413437
https://github.com/ethereum/solc-js,https://github.com/openzeppelin/openzeppelin-contracts,0.0006459948320413437
https://github.com/pnpm/components,https://github.com/openzeppelin/openzeppelin-contracts,0.0006459948320413437
https://github.com/microsoft/typescript,https://github.com/openzeppelin/openzeppelin-contracts,0.0006459948320413437
https://github.com/definitelytyped/definitelytyped,https://github.com/openzeppelin/openzeppelin-contracts,0.0006459948320413437
https://github.com/immutable-js/immutable-js,https://github.com/openzeppelin/openzeppelin-contracts,0.0006459948320413437
https://github.com/uuidjs/uuid,https://github.com/openzeppelin/openzeppelin-contracts,0.0006459948320413437
https://github.com/typestrong/ts-node,https://github.com/openzeppelin/openzeppelin-contracts,0.0006459948320413437
https://github.com/gcanti/fp-ts,https://github.com/openzeppelin/openzeppelin-contracts,0.0006459948320413437
https://github.com/isaacs/node-glob,https://github.com/openzeppelin/openzeppelin-contracts,0.0006459948320413437
https://github.com/jquery/esprima,https://github.com/openzeppelin/openzeppelin-contracts,0.0006459948320413437
https://github.com/tsconfig/bases,https://github.com/openzeppelin/openzeppelin-contracts,0.0006459948320413437
https://github.com/cosmiconfig/cosmiconfig,https://github.com/openzeppelin/openzeppelin-contracts,0.0006459948320413437
https://github.com/jaredwray/keyv,https://github.com/openzeppelin/openzeppelin-contracts,0.0006459948320413437
https://github.com/jshttp/cookie,https://github.com/openzeppelin/openzeppelin-contracts,0.0006459948320413437
https://github.com/eemeli/yaml,https://github.com/openzeppelin/openzeppelin-contracts,0.0006459948320413437
https://github.com/omnidan/node-emoji,https://github.com/openzeppelin/openzeppelin-contracts,0.0006459948320413437
https://github.com/tootallnate/proxy-agents,https://github.com/openzeppelin/openzeppelin-contracts,0.0006459948320413437
https://github.com/gajus/table,https://github.com/openzeppelin/openzeppelin-contracts,0.0006459948320413437
https://github.com/ethereum/js-ethereum-cryptography,https://github.com/openzeppelin/openzeppelin-contracts,0.0006459948320413437
https://github.com/ethers-io/ethers.js,https://github.com/scaffold-eth/scaffold-eth-2,0.0006459948320413437
https://github.com/scaffold-eth/burner-connector,https://github.com/scaffold-eth/scaffold-eth-2,0.0006459948320413437
https://github.com/nomicfoundation/hardhat,https://github.com/scaffold-eth/scaffold-eth-2,0.0006459948320413437
https://github.com/wevm/wagmi,https://github.com/scaffold-eth/scaffold-eth-2,0.0006459948320413437
https://github.com/walletconnect/walletconnect-monorepo,https://github.com/scaffold-eth/scaffold-eth-2,0.0006459948320413437
https://github.com/wighawag/hardhat-deploy,https://github.com/scaffold-eth/scaffold-eth-2,0.0006459948320413437
https://github.com/babel/babel,https://github.com/scaffold-eth/scaffold-eth-2,0.0006459948320413437
https://github.com/postcss/postcss,https://github.com/scaffold-eth/scaffold-eth-2,0.0006459948320413437
https://github.com/typescript-eslint/typescript-eslint,https://github.com/scaffold-eth/scaffold-eth-2,0.0006459948320413437
https://github.com/sindresorhus/type-fest,https://github.com/scaffold-eth/scaffold-eth-2,0.0006459948320413437
https://github.com/ajv-validator/ajv,https://github.com/scaffold-eth/scaffold-eth-2,0.0006459948320413437
https://github.com/vercel/vercel,https://github.com/scaffold-eth/scaffold-eth-2,0.0006459948320413437
https://github.com/getsentry/sentry-javascript,https://github.com/scaffold-eth/scaffold-eth-2,0.0006459948320413437
https://github.com/ethereumjs/ethereumjs-monorepo,https://github.com/scaffold-eth/scaffold-eth-2,0.0006459948320413437
https://github.com/coinbase/coinbase-wallet-sdk,https://github.com/scaffold-eth/scaffold-eth-2,0.0006459948320413437
https://github.com/ethereum/solc-js,https://github.com/scaffold-eth/scaffold-eth-2,0.0006459948320413437
https://github.com/import-js/eslint-import-resolver-typescript,https://github.com/scaffold-eth/scaffold-eth-2,0.0006459948320413437
https://github.com/mysticatea/abort-controller,https://github.com/scaffold-eth/scaffold-eth-2,0.0006459948320413437
https://github.com/safe-global/safe-apps-sdk,https://github.com/scaffold-eth/scaffold-eth-2,0.0006459948320413437
https://github.com/swc-project/pkgs,https://github.com/scaffold-eth/scaffold-eth-2,0.0006459948320413437
https://github.com/microsoft/typescript,https://github.com/scaffold-eth/scaffold-eth-2,0.0006459948320413437
https://github.com/definitelytyped/definitelytyped,https://github.com/scaffold-eth/scaffold-eth-2,0.0006459948320413437
https://github.com/immutable-js/immutable-js,https://github.com/scaffold-eth/scaffold-eth-2,0.0006459948320413437
https://github.com/sboudrias/inquirer.js,https://github.com/scaffold-eth/scaffold-eth-2,0.0006459948320413437
https://github.com/lit/lit,https://github.com/scaffold-eth/scaffold-eth-2,0.0006459948320413437
https://github.com/uuidjs/uuid,https://github.com/scaffold-eth/scaffold-eth-2,0.0006459948320413437
https://github.com/typestrong/ts-node,https://github.com/scaffold-eth/scaffold-eth-2,0.0006459948320413437
https://github.com/gcanti/fp-ts,https://github.com/scaffold-eth/scaffold-eth-2,0.0006459948320413437
https://github.com/isaacs/node-glob,https://github.com/scaffold-eth/scaffold-eth-2,0.0006459948320413437
https://github.com/pillarjs/path-to-regexp,https://github.com/scaffold-eth/scaffold-eth-2,0.0006459948320413437
